model_type,avg_mape,min_mape,max_mape,avg_rmse,min_rmse,max_rmse,avg_r2,min_r2,max_r2
gru,58.80400750311377,31.600174504235714,169.15844611787236,39.705972154431315,25.665025776250516,63.517619302454534,0.7395965160096786,0.4324437713136805,0.837678077562227
lstm,50.670289522378745,26.264750269089784,154.80747666659593,39.802677064320896,25.541793931766737,63.51821977356275,0.7387371895792589,0.4308162612578068,0.8397683938762837
saes,59.78046921684619,31.599299980227595,169.0318785561509,40.4901390229286,25.61047622588112,64.46872026856367,0.7302636614271525,0.4138416458786218,0.8389052550404428
